,CDRP-bio-Lasso,CDRP-bio-MLP,LUAD-Lasso,LUAD-MLP,LINCS-Lasso,LINCS-MLP,TAORF-Lasso,TAORF-MLP
AARS1,23.43,18.24,61.52,63.98,27.08,46.24,-0.64,16.43
ABCB6,-4.04,3.98,75.42,71.35,34.6,34.25,5.84,11.78
ABCC5,-0.84,-1.7,-3.97,0.5,-2.66,-0.91,-7.58,-8.75
ABCF1,-13.32,23.41,13.1,18.13,20.79,24.0,-0.16,3.09
ABCF3,5.84,29.74,43.62,36.09,-6.89,20.71,13.38,10.75
ABHD4,21.84,14.17,77.64,79.47,14.75,15.08,-1.36,-12.77
ABHD6,-5.42,-5.38,27.2,23.04,-1.55,2.09,2.8,6.75
ABL1,2.91,31.53,16.56,30.13,4.73,9.54,-0.33,-5.3
ACAA1,-0.8,1.72,25.35,10.29,1.43,5.73,11.18,12.7
ACAT2,-4.47,27.89,6.44,7.13,-0.3,3.96,-6.15,-4.98
ACBD3,-5.63,5.07,9.49,12.92,13.68,18.63,10.47,-11.81
ACD,-3.54,4.03,16.25,19.79,0.68,4.17,-3.26,0.98
ACLY,-0.94,0.55,51.35,46.74,5.22,4.87,5.18,18.76
ACOT9,-3.52,8.52,-12.96,1.5,-2.19,4.71,6.11,10.66
ADAM10,3.16,7.21,59.54,62.58,4.32,11.33,-0.25,-13.48
ADAT1,-7.78,6.59,7.66,-1.36,-0.01,2.69,-2.63,-2.7
ADGRE2,4.19,23.43,23.62,38.07,6.42,9.0,-2.27,5.83
ADGRG1,-5.43,4.83,68.49,75.31,32.38,30.34,2.95,20.86
ADH5,8.75,9.0,21.35,6.74,-2.16,-0.38,-5.3,-8.21
ADI1,-2.79,0.41,-1.41,23.84,0.04,3.47,-10.8,-2.92
ADO,2.18,-7.08,-2.79,2.64,2.73,3.09,-1.57,-8.06
ADRB2,,,2.0,3.95,-4.49,-1.21,-2.84,-5.82
AGER,-13.19,14.31,52.41,53.77,9.46,11.11,-5.35,12.35
AGL,-6.27,-2.7,10.55,2.64,-0.67,6.5,-1.02,-14.74
AKAP8,-4.94,6.17,19.65,31.93,-6.16,3.09,-2.95,1.31
AKAP8L,30.81,42.54,6.49,8.15,29.0,24.91,-2.15,-2.47
AKR7A2,0.83,27.57,40.41,37.46,6.14,10.53,-1.74,-22.54
AKT1,-6.17,-15.72,2.06,30.31,4.49,4.92,8.63,13.76
ALAS1,-3.5,24.74,49.6,57.76,29.03,26.45,25.23,8.04
ALDH7A1,-3.36,6.46,47.65,52.78,1.5,3.38,5.25,18.46
ALDOA,,,21.2,42.08,12.46,15.87,-0.4,18.49
ALDOC,1.85,4.03,31.42,51.23,12.88,26.57,-0.87,-1.15
AMDHD2,-0.28,16.82,31.86,33.4,0.51,2.19,3.69,-1.86
ANKRD10,-3.87,10.57,31.84,35.85,-2.68,2.55,0.56,1.77
ANO10,5.19,5.08,57.78,57.63,10.9,9.1,5.64,1.68
ANXA7,6.66,25.75,28.4,38.98,16.42,36.8,24.36,10.75
APBB2,13.28,32.31,23.17,17.04,3.01,2.07,-0.59,-7.84
APOE,,,9.05,7.54,2.21,9.05,-0.85,10.13
APP,,,58.16,59.91,9.09,10.98,-1.94,-4.52
APPBP2,-36.27,1.28,66.62,54.48,23.58,30.56,1.14,21.63
ARFIP2,-8.17,-7.14,-4.03,29.48,21.1,24.06,9.29,12.24
ARHGAP1,3.78,20.38,63.14,75.62,11.98,19.07,-7.68,-8.74
ARHGEF12,,,15.12,16.73,8.91,9.96,-8.73,-15.44
ARHGEF2,22.98,20.58,33.31,46.36,-1.48,23.05,6.02,-2.58
ARID4B,-3.03,-0.45,-3.81,-7.62,6.48,16.9,1.0,2.69
ARID5B,13.18,12.33,27.87,31.67,18.2,19.05,-10.2,0.61
ARL4C,-2.81,1.37,80.37,64.49,25.01,30.72,23.94,24.11
ARNT2,-4.23,-9.58,41.65,37.22,16.07,25.44,3.49,-4.55
ARPP19,-1.11,21.55,20.76,29.17,14.6,17.91,22.32,10.41
ASAH1,,,26.42,32.9,23.17,28.62,5.73,7.67
ASCC3,-4.94,-5.99,37.65,45.64,20.37,10.76,23.69,28.34
ATF1,,,84.46,80.51,-9.15,3.46,3.3,8.59
ATF5,-3.57,34.26,27.2,43.04,7.52,4.65,-4.07,-3.35
ATF6,,,-5.63,28.53,55.38,62.99,-2.07,-8.1
ATG3,-9.29,-8.27,30.8,42.22,2.29,5.71,7.58,1.85
ATMIN,28.56,54.58,0.24,14.74,1.38,4.34,7.16,2.34
ATP11B,-6.78,10.94,4.03,14.12,5.42,11.22,1.75,2.56
ATP1B1,5.88,40.53,53.17,58.68,34.97,47.92,5.31,-12.15
ATP2C1,17.23,26.35,25.85,21.27,20.65,20.96,8.38,18.14
ATP6V0B,15.96,24.1,46.79,31.86,15.52,17.11,1.46,-2.68
ATP6V1D,8.79,26.63,-2.53,0.58,-0.26,5.63,3.2,3.07
AURKA,,,79.07,80.78,39.2,52.98,4.3,14.76
AURKB,,,76.54,79.39,30.9,30.45,-11.64,5.44
AXIN1,,,-1.89,-0.98,16.07,18.67,-4.38,2.41
B3GNT2,32.16,30.85,49.15,52.44,31.45,39.49,17.51,22.21
BACE2,-3.13,11.93,-2.41,15.53,0.57,9.77,11.85,11.57
BAD,15.86,32.84,22.78,44.56,5.31,4.91,1.74,4.36
BAG3,21.34,16.88,11.58,11.7,3.75,12.17,-5.36,-12.96
BAMBI,18.99,40.41,16.15,45.06,3.97,4.73,-3.91,1.87
BAX,,,36.14,39.79,25.57,24.33,10.3,13.94
BCL2,-2.6,-1.65,22.73,25.26,0.93,4.87,-2.86,-1.68
BCL7B,27.23,47.14,61.39,61.98,13.91,26.2,-2.12,-2.2
BDH1,-0.31,11.05,33.62,44.23,3.5,8.68,-6.51,-10.07
BECN1,-3.0,-0.37,50.31,46.09,21.32,22.28,5.36,12.33
BHLHE40,33.07,42.72,21.89,42.62,7.81,19.56,-0.29,5.72
BID,-16.27,11.21,-2.57,3.46,2.36,3.47,-4.21,2.0
BIRC2,,,13.81,22.03,6.66,17.26,4.92,-0.79
BIRC5,26.15,46.14,83.89,82.9,49.27,60.5,25.22,29.17
BLCAP,-4.3,9.52,59.22,56.11,34.46,43.97,7.79,16.17
BLMH,-9.46,-1.14,-4.97,47.45,-6.75,6.1,6.03,16.63
BLTP2,6.88,11.88,39.85,37.88,15.32,11.43,-3.54,8.9
BLVRA,9.18,-16.09,-1.88,18.75,29.9,37.92,5.11,8.55
BMP4,,,4.72,32.77,2.7,13.6,-2.89,0.25
BNIP3,0.16,-5.11,41.07,52.65,-0.29,11.93,-4.14,-8.86
BNIP3L,,,47.39,67.5,20.62,33.23,4.8,6.6
BPHL,-8.26,-8.01,35.75,37.06,3.57,10.41,7.25,-0.38
BRCA1,,,63.82,62.55,20.42,25.4,-16.12,-13.14
BTK,,,7.46,6.08,-1.57,-0.34,-3.67,-9.87
BUB1B,25.84,42.0,23.88,38.42,26.23,21.84,2.43,6.51
BZW2,0.81,-0.32,28.05,44.56,-2.52,2.61,6.48,10.57
C2CD2,-5.28,6.11,12.74,13.49,-0.44,0.09,-3.83,-6.01
C2CD2L,-7.66,-4.99,4.86,18.32,10.56,4.54,-10.2,5.11
C2CD5,29.27,39.08,17.68,36.09,7.12,9.27,7.89,3.45
C5,,,73.38,72.76,24.75,32.16,2.29,9.21
CAB39,-6.01,-12.91,14.91,24.02,4.04,10.23,-3.69,5.75
CALM1,,,18.64,25.39,13.37,25.74,6.58,3.42
CALU,-2.31,4.48,49.3,50.15,24.33,24.31,-9.44,6.92
CAMSAP2,-5.59,-6.02,51.03,40.26,14.53,14.4,3.66,14.75
CANT1,25.8,42.68,7.93,13.22,-2.76,-2.03,-12.18,-4.16
CAPN1,-2.05,8.68,30.98,33.33,-11.3,-0.02,-1.56,-1.17
CARMIL1,-6.15,-15.72,38.28,47.46,2.36,2.62,3.69,4.24
CASC3,6.76,8.19,66.56,63.38,14.05,24.77,1.27,9.29
CASK,-6.13,-8.66,50.74,45.01,0.2,5.73,-4.0,-9.3
CASP10,,,4.24,17.2,6.59,7.14,3.77,6.25
CASP2,,,22.53,21.76,4.67,4.01,-2.08,-3.91
CASP3,-4.53,2.34,31.7,22.45,6.33,7.45,1.21,12.63
CASP7,,,39.15,48.65,-1.21,5.57,2.2,10.02
CAST,-0.53,-4.28,3.53,-0.79,4.74,12.21,1.44,2.85
CAT,10.12,30.57,81.35,73.92,38.2,48.37,6.85,-0.22
CBLB,,,41.42,56.23,3.32,13.56,1.2,-1.48
CBR1,25.24,30.69,48.85,60.97,20.29,30.42,6.37,6.86
CBR3,-3.54,-0.58,37.52,38.59,27.24,28.72,-3.62,-17.35
CCDC85B,-0.83,22.81,59.26,59.23,3.41,1.49,22.58,36.61
CCDC86,-5.29,11.07,30.78,39.38,11.24,15.43,-15.36,-18.71
CCDC92,2.15,15.3,57.18,65.66,34.93,45.95,-1.48,-3.96
CCL2,,,81.71,74.35,19.52,38.84,1.14,-3.75
CCNA1,,,3.07,11.27,3.16,11.29,0.48,1.15
CCNA2,47.2,60.15,87.14,82.41,52.94,58.11,29.81,31.96
CCNB1,,,33.6,25.68,10.29,4.33,-1.41,-5.52
CCNB2,24.42,39.61,12.4,16.09,12.16,10.56,8.07,8.41
CCND1,,,22.65,39.71,4.94,13.14,7.24,8.66
CCND3,,,71.66,70.45,15.58,40.77,-6.02,-4.03
CCNE2,,,10.9,22.71,4.74,2.53,2.58,4.01
CCNF,47.86,55.57,42.23,40.5,15.42,13.16,-3.83,2.51
CCNH,,,51.36,48.36,12.61,14.32,8.72,7.66
CCP110,-1.15,9.78,5.2,8.38,4.67,15.69,1.42,7.14
CD320,-4.88,7.6,67.56,63.14,6.4,11.31,2.91,5.83
CD40,,,31.16,41.0,9.03,12.51,-2.41,10.24
CD44,2.25,2.56,10.53,13.17,9.86,8.58,-9.41,-2.74
CD58,18.64,37.21,43.17,42.22,2.69,6.11,-0.41,0.27
CDC20,,,39.95,38.02,18.95,16.94,-7.47,-2.11
CDC25A,,,82.72,74.32,29.27,20.75,1.59,-4.35
CDC25B,,,34.99,38.02,23.12,30.42,-2.66,-2.87
CDC42,,,52.08,41.28,4.99,9.24,-9.49,-3.69
CDC45,-3.22,5.37,62.67,54.44,28.13,27.1,-4.84,-12.69
CDCA4,30.08,45.97,12.68,25.07,14.62,9.09,-6.51,-7.8
CDH3,-0.13,8.35,-0.62,-3.29,0.41,0.67,5.31,7.54
CDK19,-0.07,-4.42,33.12,35.97,19.28,25.38,0.86,0.98
CDK2,13.19,31.79,73.58,61.94,39.56,36.53,-1.44,3.23
CDK4,,,35.15,39.59,40.61,37.03,26.87,31.68
CDK5R1,,,54.53,40.51,4.33,11.62,-4.66,1.43
CDK6,,,10.51,9.57,2.46,8.39,13.05,9.29
CDK7,,,48.99,52.4,17.17,38.39,-0.12,17.54
CDKN1A,-2.76,11.67,87.24,85.52,54.14,51.44,2.6,5.12
CDKN1B,,,45.86,44.13,4.45,4.7,-1.65,23.53
CDKN2A,,,-3.2,10.37,-2.76,-2.19,-1.0,-2.16
CEBPA,,,46.57,63.59,6.21,13.79,-0.02,6.04
CEBPD,-2.96,-15.64,69.51,70.48,39.03,37.71,-4.42,0.6
CEBPZ,-7.94,10.88,21.3,4.12,1.81,8.89,-8.83,5.89
CEMIP2,9.51,7.37,39.2,50.16,20.35,19.24,-0.12,8.28
CENPE,13.34,28.84,58.27,57.86,4.26,7.1,-5.91,-4.07
CEP57,-8.51,-5.21,2.36,0.09,0.85,2.49,6.58,6.47
CERK,6.12,29.48,9.39,9.01,5.71,9.85,-1.25,1.95
CETN3,-8.17,-5.45,57.45,59.24,28.17,36.75,25.45,4.66
CFLAR,3.43,12.23,31.83,42.23,-3.29,6.74,-2.25,-0.88
CGRRF1,0.26,-9.22,66.59,64.63,-1.99,16.91,-1.73,-0.81
CHAC1,18.6,27.93,23.17,30.09,15.67,24.05,12.18,7.84
CHEK1,,,26.69,33.08,42.54,33.51,-2.09,1.81
CHEK2,-3.61,4.62,73.33,75.63,38.42,44.03,-1.3,0.22
CHERP,18.24,34.73,51.75,58.02,10.96,14.75,6.25,-7.9
CHIC2,35.4,36.95,0.25,15.41,0.75,9.29,-12.52,-17.65
CHMP4A,-7.18,6.3,1.38,-3.73,-2.44,0.18,-10.15,3.45
CHMP6,-4.31,21.79,22.04,18.37,-2.24,1.1,-0.59,4.39
CHN1,-6.46,29.6,26.18,19.97,0.63,5.44,12.92,8.3
CIAO3,-4.11,7.42,-5.0,-1.36,2.67,3.46,-10.38,1.37
CIAPIN1,-4.38,-0.91,5.0,9.11,6.74,7.38,-3.92,6.99
CIRBP,1.93,11.48,22.06,37.83,10.31,17.23,-1.1,-10.88
CISD1,29.75,42.92,-3.91,48.07,7.51,21.37,-0.48,0.49
CLIC4,10.21,7.2,56.06,67.38,11.59,26.65,20.17,45.68
CLPX,7.67,32.2,40.75,45.17,1.17,2.34,-0.43,-2.52
CLSTN1,-3.91,-5.94,65.63,66.91,-6.51,0.74,-0.14,0.79
CLTB,9.31,16.85,46.42,50.99,15.16,19.74,-2.99,-8.85
CLTC,,,39.25,53.2,11.71,25.61,1.37,-9.9
CNDP2,-6.42,4.32,5.46,1.14,5.01,5.34,-3.05,7.85
CNOT4,-0.39,1.12,-6.68,-2.04,0.66,5.46,-0.27,-7.87
CNPY3,-4.64,2.2,-7.23,-2.54,-1.45,-0.22,-1.13,6.13
COASY,28.06,35.15,32.58,29.87,5.05,8.16,10.01,28.5
COG2,7.39,9.49,34.93,28.73,4.72,6.45,-8.97,-21.67
COG4,-5.87,13.33,9.03,21.42,-6.55,9.85,-0.13,9.14
COG7,-11.77,4.47,8.79,9.9,0.48,2.9,-4.74,-0.21
COL1A1,,,70.39,72.81,-1.97,8.7,49.1,51.38
COL4A1,,,92.6,84.66,16.82,32.02,20.49,27.37
COPB2,-4.76,-5.68,25.67,50.6,14.21,27.72,-0.08,-14.67
COPS7A,-21.93,-7.01,47.11,45.03,19.33,17.85,-4.04,-19.71
COQ8A,3.59,-3.51,-0.95,8.35,-1.7,-2.01,-3.03,-11.18
CORO1A,1.57,14.36,33.57,32.24,3.67,6.37,15.15,13.12
CPNE3,26.57,45.03,20.08,44.96,6.18,27.2,27.43,24.81
CPSF4,23.04,36.05,14.93,19.76,12.28,21.23,5.33,11.92
CRAMP1,-4.19,7.83,60.67,63.6,4.66,8.05,23.64,35.51
CREB1,4.58,17.39,7.07,15.81,-2.31,-0.89,-1.29,-8.91
CREG1,-1.35,18.69,58.97,69.2,2.3,10.27,-1.09,-11.75
CRELD2,4.45,10.46,44.15,40.85,5.28,6.46,-9.95,-11.34
CRK,,,-2.66,0.86,-2.68,5.57,-1.93,-9.84
CRKL,24.56,25.66,0.41,5.55,14.71,17.31,11.7,12.76
CRTAP,-6.89,8.01,-1.58,12.72,0.96,11.51,-2.5,5.8
CRYZ,-6.88,5.89,37.55,44.68,36.54,43.21,2.05,2.46
CSK,24.62,31.56,14.96,18.12,-3.82,-4.5,0.23,7.43
CSNK1A1,,,21.98,37.95,10.54,8.59,-2.5,-2.22
CSNK1E,,,66.85,66.56,10.7,26.78,-10.17,-20.03
CSNK2A2,-7.01,-4.55,26.79,27.14,37.26,37.36,12.77,19.93
CSRP1,-7.32,15.01,55.66,54.21,-4.53,1.29,-0.57,-5.43
CTNNAL1,45.02,43.6,54.16,64.59,10.82,13.11,18.96,13.56
CTNND1,1.22,9.26,48.5,43.73,20.41,23.45,7.1,6.37
CTSD,-2.3,-11.31,56.63,77.56,29.87,37.76,39.51,23.06
CTSL,1.27,22.61,75.15,81.0,28.18,51.75,-1.24,5.55
CTTN,5.89,10.18,16.24,12.83,10.17,11.48,-4.61,5.55
CXCL2,,,69.35,65.25,17.09,38.9,-14.22,-1.3
CXCR4,-4.79,0.96,-1.61,-1.03,6.64,7.7,-1.62,0.88
CYB561,-33.07,16.53,5.34,15.87,6.36,14.65,1.46,6.34
CYCS,,,21.99,24.79,-2.01,2.86,-2.7,13.31
CYTH1,-7.6,1.39,58.9,66.46,14.4,19.51,1.69,-2.8
DAG1,,,73.76,69.72,14.4,23.57,39.19,36.9
DAXX,,,-0.35,17.66,17.6,14.22,-10.78,-12.51
DCK,15.23,38.87,81.64,73.6,26.62,25.92,4.94,-4.31
DCTD,-0.49,-3.41,45.06,49.51,8.17,24.32,3.5,5.69
DCUN1D4,2.29,11.66,8.8,14.08,3.39,5.08,-1.9,-7.37
DDB2,6.25,30.96,66.53,64.39,39.78,49.43,9.39,20.27
DDIT4,8.78,30.95,58.02,43.16,53.37,54.74,-1.15,19.1
DDR1,-4.68,0.4,14.54,46.46,28.93,30.82,-2.85,-8.83
DDX10,34.54,23.91,73.77,74.96,25.32,34.14,25.37,-1.7
DDX42,-1.63,-6.83,-2.36,-0.84,1.04,1.61,-3.09,-4.64
DECR1,-12.42,0.07,28.4,41.92,32.57,39.48,11.82,3.45
DENND2D,-6.91,-21.87,-0.26,-1.66,6.33,5.6,-6.17,-4.74
DERA,1.43,15.08,8.32,10.86,22.26,15.81,-7.88,2.22
DFFA,,,12.69,26.8,10.39,21.76,-0.95,-12.02
DFFB,,,4.52,10.42,-0.16,7.94,10.19,30.04
DHDDS,-5.57,10.12,22.51,24.69,8.39,9.91,-1.05,-4.95
DHRS7,1.89,-11.81,45.61,49.58,11.26,10.9,-3.3,-7.24
DHX29,-3.02,14.63,35.83,38.82,23.55,26.94,-10.87,-8.03
DIPK1A,9.55,12.12,17.59,21.36,-2.55,2.1,-6.72,4.2
DLD,20.53,37.06,1.81,9.99,-2.49,-0.49,17.64,19.24
DMAC2L,-2.09,-4.22,22.96,24.01,12.55,10.77,0.4,9.43
DMTF1,19.51,25.31,9.21,8.07,-1.0,4.09,3.34,7.51
DNAJA3,18.35,36.01,6.9,7.1,1.52,1.2,-8.49,-11.74
DNAJB1,18.17,28.48,-3.07,19.81,39.59,41.65,23.81,18.9
DNAJB2,9.45,18.94,86.24,79.66,21.14,24.79,10.12,19.02
DNAJB6,-4.34,-16.63,46.69,54.09,4.72,9.52,-2.06,2.42
DNAJC15,-8.34,-10.23,-1.56,1.64,14.61,18.49,-1.25,5.1
DNM1,4.64,11.24,57.33,59.6,25.14,12.4,7.11,24.76
DNM1L,-5.8,4.03,-3.19,-1.44,-1.53,2.38,-0.93,-0.14
DNMT1,-3.91,-10.01,23.62,21.02,1.91,12.5,5.54,-1.07
DNMT3A,,,35.08,40.43,17.71,21.84,7.17,14.15
DNTTIP2,-7.03,-34.42,62.08,63.54,15.25,27.1,6.72,7.81
DPH2,-1.22,-3.01,63.38,68.06,18.92,20.82,13.12,10.58
DRAP1,-6.76,-8.46,53.16,44.48,44.97,54.19,-0.86,0.37
DSG2,-18.03,-15.83,58.98,59.93,16.35,18.23,-3.09,-1.09
DUSP11,-3.54,-0.59,15.65,25.75,11.18,13.24,6.95,10.22
DUSP14,-6.58,7.05,54.8,40.08,23.43,31.03,-7.27,3.63
DUSP22,-6.3,2.73,9.04,-3.35,-1.65,10.86,-3.42,-17.87
DUSP3,,,64.19,62.54,5.57,12.43,-2.68,-3.13
DUSP4,,,84.19,74.02,31.04,56.63,-0.7,-3.84
DUSP6,,,77.7,74.72,16.84,40.41,-4.95,-3.44
DYNLT3,3.89,9.24,9.92,44.33,5.02,10.89,11.91,18.31
DYRK3,1.01,9.16,12.02,16.86,16.07,12.17,4.52,7.24
E2F2,,,-2.11,-0.67,-0.6,-1.2,-0.43,2.13
EAPP,7.35,26.12,20.93,28.61,7.42,13.49,-7.06,-3.86
EBNA1BP2,-2.49,17.09,70.55,60.61,27.91,43.17,45.97,23.49
EBP,-8.48,18.16,58.3,65.0,21.6,28.1,42.0,41.64
ECD,-1.86,-8.7,57.2,49.04,-0.38,3.74,-1.78,-6.38
ECH1,-0.03,27.0,29.31,64.63,19.34,30.12,-0.96,16.12
EDEM1,0.98,20.02,1.73,10.87,-0.9,2.22,8.24,10.46
EDN1,,,54.66,82.81,21.89,31.83,0.22,-3.03
EED,,,60.84,57.44,3.89,12.44,7.94,13.93
EFCAB14,15.28,14.94,71.29,72.02,3.92,5.74,-2.11,13.42
EGF,,,-27.11,7.52,0.51,4.36,-8.45,4.88
EGFR,-7.03,-3.82,17.69,44.39,13.99,28.32,-0.03,20.39
EGR1,,,44.41,50.11,11.68,8.95,22.01,28.9
EIF4EBP1,,,77.8,68.25,35.57,49.76,-1.06,4.24
EIF4G1,,,-1.32,3.82,9.12,11.17,0.42,4.1
EIF5,9.44,20.92,33.45,38.96,26.22,24.47,-0.75,5.53
ELAC2,-4.96,5.3,45.18,60.97,22.82,27.57,8.39,9.88
ELAVL1,-9.52,5.45,33.28,39.58,11.21,27.83,-6.48,-7.98
ELOVL6,-21.26,-13.92,45.54,54.45,30.06,35.49,16.82,15.5
ELP1,-5.19,4.84,6.32,24.44,-3.01,-0.6,-0.04,7.47
EML3,-16.58,5.41,45.77,51.94,-0.62,12.54,20.89,30.8
ENOPH1,2.29,2.13,6.22,8.93,5.08,9.61,-5.9,-0.22
ENOSF1,-2.97,-6.18,57.18,61.42,20.3,24.09,-0.13,-3.5
EPB41L2,-5.0,3.57,60.07,64.57,27.43,37.92,2.7,12.41
EPHA3,,,1.19,4.31,0.36,1.4,0.61,5.94
EPHB2,,,50.94,65.07,-0.26,4.55,-3.74,2.16
EPN2,-5.31,-2.23,53.01,49.26,9.21,16.86,-9.07,-5.45
EPRS1,3.71,34.08,68.46,59.73,17.07,25.29,10.7,2.57
ERBB2,22.72,42.76,67.57,68.5,3.74,25.71,-19.44,-14.83
ERBB3,,,49.81,58.29,2.72,2.55,-11.15,-15.48
ERO1A,,,54.21,58.88,13.94,25.84,-2.19,-7.24
ETFB,19.63,7.5,-0.69,31.91,8.24,15.81,8.28,10.25
ETS1,,,43.15,27.28,7.74,13.2,29.97,26.51
ETV1,,,9.01,31.32,27.63,25.39,-4.09,-5.2
EVL,0.0,14.97,24.48,35.7,-1.65,-0.69,-2.04,1.72
EXOSC4,5.27,20.21,29.36,38.84,-4.85,3.57,0.6,3.76
EXT1,-8.82,-13.09,29.31,33.47,7.01,14.82,-1.01,-5.06
EZH2,5.89,14.79,79.24,70.27,10.38,14.16,7.34,8.65
FAH,7.67,14.41,16.15,32.26,1.1,10.66,0.68,8.19
FAIM,2.01,0.95,36.92,27.13,8.21,10.91,10.13,17.54
FAM20B,-3.51,8.89,58.35,62.62,20.24,29.45,1.54,5.35
FAS,-10.7,19.35,50.4,58.03,31.24,38.17,-0.46,-22.59
FASTKD5,-9.25,-7.23,11.15,22.71,17.99,15.52,16.02,12.19
FAT1,-1.31,-3.7,43.2,64.86,12.4,11.63,10.55,21.88
FBXL12,32.68,40.24,31.41,24.23,8.29,7.93,-1.16,-5.29
FBXO11,,,5.41,8.11,-5.89,9.0,-3.44,-15.07
FBXO21,4.74,14.12,16.0,17.64,6.53,11.3,-1.49,2.46
FBXO7,4.78,3.81,-2.86,16.63,5.49,6.82,-4.46,2.71
FCHO1,-4.64,13.86,27.58,35.42,-1.39,4.39,-11.64,-6.71
FDFT1,22.43,24.51,35.7,43.76,1.6,6.41,11.1,16.78
FEZ2,-1.67,10.79,57.67,51.89,0.62,2.4,-0.49,-9.11
FGFR2,,,16.89,20.17,19.98,25.97,4.53,9.11
FGFR4,,,54.12,55.51,-3.99,2.95,6.94,12.34
FHL2,-13.31,33.27,74.35,81.71,22.62,25.66,14.22,22.54
FIS1,3.08,10.69,22.42,26.17,0.59,2.0,-3.18,5.36
FKBP14,-3.79,12.45,5.87,8.75,11.91,22.11,-2.04,23.17
FKBP4,14.88,23.54,9.21,17.59,18.41,15.38,-2.52,-9.71
FOS,19.44,43.91,-3.32,9.39,2.19,15.55,-1.19,-3.72
FOSL1,,,74.39,62.62,47.99,64.8,2.67,12.17
FOXJ3,12.89,25.07,20.35,21.72,-4.34,-2.55,15.13,15.63
FOXO3,,,-1.94,7.59,16.18,27.16,16.63,16.42
FOXO4,-7.89,-20.99,-6.06,35.54,23.13,39.24,-0.5,12.11
FPGS,-4.41,-1.58,-3.13,14.53,1.85,2.86,-4.33,0.06
FRS2,,,11.91,17.26,24.63,21.8,6.97,-3.47
FSD1,9.39,20.91,-3.31,5.62,2.6,9.11,-2.5,-8.14
FUT1,-1.28,3.68,29.66,27.18,23.56,35.71,0.68,7.62
FYN,,,12.42,14.56,6.01,6.95,-3.07,-5.14
FZD1,,,23.23,18.57,7.25,13.21,4.78,13.13
FZD7,,,15.64,40.14,6.51,12.25,-13.65,-9.77
G3BP1,-4.38,-2.96,-2.32,20.4,19.45,18.26,-7.4,-4.73
GAA,-2.75,2.92,26.64,33.23,15.64,31.53,7.23,15.83
GABPB1,16.69,31.68,-3.39,2.91,17.53,28.45,-13.2,-2.4
GADD45A,15.38,15.03,88.11,82.49,32.43,36.87,0.05,0.77
GADD45B,16.11,26.84,39.04,53.44,26.21,30.51,-1.52,6.27
GALE,-2.62,-5.18,61.34,59.18,19.91,29.74,0.19,5.85
GAPDH,,,-4.32,10.86,-0.49,-1.21,-2.55,-5.98
GARRE1,-1.45,-6.5,-3.19,15.73,-3.81,-2.5,4.41,19.48
GATA2,7.45,1.38,1.27,1.39,0.98,3.72,-10.66,-5.18
GATA3,0.42,2.13,-3.91,-10.75,-1.05,5.27,-3.4,-0.62
GDPD5,-1.5,2.8,49.39,45.48,8.36,19.19,-2.75,-12.96
GET1,4.08,7.11,8.12,24.42,-0.87,9.29,4.0,2.42
GFOD1,-9.47,-12.36,19.08,26.71,1.3,2.56,-4.89,8.78
GFPT1,-2.51,1.41,0.55,28.8,4.0,36.17,-9.34,1.94
GFUS,-1.29,18.72,8.97,11.32,9.92,18.12,3.27,7.15
GHR,,,-5.36,-4.46,8.76,9.64,-4.72,-11.09
GLI2,,,-1.68,5.03,5.36,5.1,0.23,0.33
GLOD4,-6.73,-33.14,33.68,40.16,16.68,23.26,-5.05,0.17
GLRX,20.1,33.46,18.3,63.11,58.96,60.63,6.88,34.97
GMNN,-3.64,-21.01,70.17,65.2,-0.58,4.84,7.52,7.34
GNA11,4.04,4.79,-4.4,0.49,-2.67,4.57,4.86,18.38
GNA15,,,10.68,7.98,4.85,5.18,7.97,-0.51
GNAI1,,,-0.23,19.66,-7.43,15.27,-0.02,0.38
GNAI2,1.35,7.0,37.55,24.41,3.72,18.79,-17.34,-17.33
GNAS,0.78,11.37,4.52,5.27,-2.14,-1.72,-7.2,-15.18
GNB5,3.71,14.91,23.5,55.68,6.9,15.56,-1.51,4.66
GNPDA1,15.31,37.88,55.43,60.83,4.14,24.29,4.18,15.02
GOLT1B,1.05,6.59,14.27,10.44,2.07,2.81,19.38,8.57
GPATCH8,-14.68,2.17,10.44,6.65,1.75,4.55,-1.53,-3.11
GPC1,15.67,33.52,73.04,73.3,9.56,14.85,22.04,18.4
GPER1,8.28,15.92,-4.94,-10.29,-0.97,0.56,-6.44,2.02
GRB10,0.22,19.16,62.85,69.71,24.2,21.18,-5.61,-7.73
GRB7,,,19.02,26.71,21.76,21.51,7.1,1.01
GRN,-8.53,19.79,61.95,61.96,34.87,44.41,-7.96,18.31
GRWD1,-1.26,20.91,54.38,58.23,6.98,15.65,-5.64,0.06
GSTM2,10.24,18.94,8.95,10.66,1.92,3.59,5.67,9.13
GSTZ1,-4.61,-1.29,-2.94,20.7,5.59,4.87,-6.04,-1.41
GTF2A2,-0.8,3.82,56.98,63.42,19.32,35.53,1.21,2.43
GTF2E2,-1.29,6.63,71.88,65.39,18.21,38.76,6.89,3.05
GTPBP8,3.56,15.43,17.18,21.94,-2.26,0.29,-2.17,9.64
H2AZ2,-9.41,3.39,-0.87,-1.15,4.21,7.01,-0.97,-5.7
H2BC12,25.84,17.15,50.83,60.08,33.95,46.98,-1.7,-0.9
H2BC21,10.35,32.17,37.01,36.07,44.04,48.27,16.12,26.63
HACD3,-5.04,10.35,-1.43,6.89,19.3,13.88,-8.55,4.82
HADH,-1.5,18.89,58.92,59.31,16.46,23.41,25.08,19.1
HAT1,3.95,-10.11,48.1,47.3,20.86,25.09,-3.69,-14.4
HDAC2,-0.3,16.43,76.51,77.89,23.33,30.69,-13.02,-7.71
HDAC6,-2.39,3.67,34.2,64.3,1.71,-2.77,15.64,18.2
HDGFL3,-1.5,-9.51,40.64,34.09,7.32,20.3,-0.21,-2.95
HEATR1,-4.78,7.05,34.68,30.8,5.6,11.31,-1.43,-18.89
HEBP1,12.14,11.98,29.86,40.96,0.11,4.39,-1.26,-1.68
HERC6,1.82,15.04,34.13,34.85,0.94,4.18,-6.28,-8.9
HERPUD1,27.82,27.54,21.18,21.71,5.98,10.28,13.92,16.29
HES1,0.63,16.83,32.96,41.15,9.32,12.0,-10.19,-5.96
HIF1A,,,7.78,27.46,1.56,2.82,4.25,2.22
HK1,-2.04,2.43,7.34,40.26,13.38,28.4,4.64,16.83
HLA-DMA,,,35.11,48.84,10.83,15.84,-1.3,5.08
HLA-DRA,,,-8.65,-1.56,-2.29,-1.18,6.11,6.81
HMG20B,19.9,30.97,21.11,21.17,-1.51,7.21,21.98,18.4
HMGA2,,,82.79,74.23,29.25,48.05,-3.47,-6.42
HMGCR,21.02,23.91,10.07,34.29,14.69,29.63,11.78,9.79
HMGCS1,27.26,34.62,68.07,53.02,19.67,17.87,-5.38,-7.65
HMOX1,,,58.8,75.1,2.53,26.16,26.37,47.73
HOMER2,-1.27,-0.65,0.43,44.49,2.38,6.28,-6.78,7.09
HOOK2,-1.28,-13.57,4.61,13.22,-8.79,3.75,2.74,-9.89
HOXA10,27.39,44.2,23.66,32.66,9.12,14.1,-1.75,0.26
HOXA5,-2.96,7.88,26.88,23.66,0.99,8.2,-0.94,-2.49
HPRT1,11.55,20.15,52.24,54.12,8.07,7.88,-0.16,5.33
HS2ST1,-3.09,0.14,10.01,25.63,-1.92,4.23,-2.08,11.65
HSD17B10,18.99,8.44,-4.53,-3.98,8.12,19.0,-4.96,-0.01
HSD17B11,10.21,17.22,27.73,38.35,5.96,6.48,-4.31,-3.5
HSPA1A,,,27.49,27.24,19.75,30.14,1.77,12.72
HSPA4,-8.35,-8.15,-0.36,23.91,15.95,19.76,12.79,15.15
HSPA8,,,15.53,20.39,0.91,0.05,-3.81,-7.24
HSPB1,,,76.58,75.77,28.69,20.83,40.19,24.56
HSPD1,,,64.43,48.46,23.63,35.73,17.9,14.97
HTATSF1,-2.91,12.78,-7.04,16.68,8.41,12.98,4.41,2.57
HTRA1,-2.04,-2.67,42.14,26.07,8.16,15.11,14.3,18.86
HYOU1,4.03,15.06,31.02,31.97,5.48,9.19,5.03,6.61
IARS2,25.5,20.25,-13.17,-8.96,-0.94,1.74,-6.9,0.84
ICAM1,,,8.18,21.77,6.5,20.33,-14.85,-26.26
ICAM3,-7.37,-0.14,22.3,17.34,24.2,30.24,-10.75,-5.29
ICMT,2.45,16.28,34.4,41.41,0.19,13.57,12.89,15.1
ID2,-1.47,13.37,49.79,49.99,33.08,33.6,-10.23,-22.77
IDE,5.73,10.68,16.64,23.18,-1.02,5.44,-6.42,-2.82
IER3,11.65,21.44,71.79,75.99,32.39,63.29,27.71,40.97
IFNAR1,,,35.25,36.3,27.83,30.14,14.6,1.1
IFRD2,8.25,-0.11,41.27,42.25,11.38,12.71,-3.53,3.76
IGF1R,18.45,18.51,22.28,42.23,1.81,16.79,-3.75,-3.92
IGF2BP2,,,51.31,57.88,-0.94,10.78,9.19,13.48
IGF2R,19.14,39.37,66.84,64.86,28.99,38.04,2.22,7.18
IGFBP3,,,52.4,59.15,56.35,70.9,-9.47,-10.25
IGHMBP2,-2.13,-1.94,34.52,26.17,12.55,13.55,-9.44,-19.96
IKBKB,-6.08,-5.34,38.29,44.89,20.64,37.68,-7.78,-2.18
IKBKE,-3.78,-11.36,2.16,16.45,-0.68,-0.5,-2.49,-3.07
IKZF1,,,-3.64,4.26,-1.59,-2.51,-5.53,-13.4
IL13RA1,-10.09,5.34,17.58,31.25,0.8,4.97,8.36,-1.44
IL1B,,,54.17,54.92,20.05,13.98,11.88,13.93
IL4R,6.67,1.03,61.96,56.96,19.97,28.37,3.49,10.42
ILK,29.25,42.19,64.0,71.59,7.11,7.97,-4.69,-11.71
INPP1,11.94,12.7,59.03,69.67,30.04,33.15,-1.67,1.31
INPP4B,-2.0,-0.43,24.15,35.89,-0.53,-1.81,-5.01,-24.1
INSIG1,21.19,13.1,4.21,27.87,25.94,33.06,13.12,19.25
INTS3,-7.17,6.66,0.09,4.25,5.14,4.58,-0.08,-13.13
IPO13,-3.55,-1.54,6.93,8.02,19.19,19.83,8.34,13.77
IQGAP1,-10.33,-4.3,61.34,65.86,5.94,7.49,26.44,32.72
ISOC1,-3.49,-7.47,-5.7,-1.99,3.19,3.28,-0.49,-21.38
ITFG1,-6.91,11.41,14.6,23.12,4.2,8.26,-0.12,-6.5
ITGAE,-5.06,0.77,40.68,45.98,14.42,16.78,-5.49,-5.41
ITGB1BP1,5.19,19.2,4.22,15.56,-0.98,-1.83,-5.29,-3.52
ITGB5,-1.91,11.77,-0.07,57.64,24.43,45.47,23.54,22.49
JADE2,29.06,42.5,-0.25,14.96,14.27,17.3,3.28,9.38
JMJD6,-7.34,15.17,5.75,3.87,12.69,23.19,-1.4,4.01
JUN,23.53,14.65,80.26,79.95,32.07,41.1,-0.56,3.1
KAT6A,23.6,35.03,-9.69,-3.92,5.84,15.64,-2.83,-5.14
KAT6B,-8.87,1.59,-0.79,7.37,0.4,2.83,-2.98,0.12
KCNK1,-4.22,27.58,16.46,25.22,-1.01,1.33,9.52,-5.38
KCTD5,7.75,14.09,16.18,14.25,8.86,4.77,-0.46,-3.22
KDELR2,-2.52,6.37,48.89,48.15,-4.06,7.37,-1.67,10.81
KDM3A,-10.1,6.74,-8.72,-6.45,5.94,7.42,-1.17,-9.93
KDM5A,-4.53,-11.65,34.06,37.92,2.78,5.08,-7.14,-10.44
KDM5B,18.0,38.12,7.62,19.41,10.07,19.29,-1.52,14.07
KEAP1,29.32,32.21,68.56,63.1,18.37,17.96,-9.07,0.47
KHDC4,5.4,12.57,50.77,43.27,17.73,16.62,-0.13,10.82
KIAA0753,-1.08,1.09,26.85,20.0,7.68,8.84,6.54,5.91
KIF14,1.98,11.1,61.02,61.49,36.45,44.83,17.1,9.12
KIF20A,23.8,37.06,49.18,48.21,8.57,12.7,-4.72,9.31
KIF2C,14.49,34.16,38.8,32.66,7.5,15.29,27.08,23.03
KIF5C,-12.49,1.26,-2.83,10.46,7.51,11.01,-2.66,-3.54
KIFBP,30.36,27.72,37.98,30.51,7.4,17.25,-1.4,-0.78
KIT,0.2,3.27,-14.58,-11.78,1.63,1.56,-8.54,3.29
KLHDC2,17.33,28.73,70.98,66.59,39.31,38.21,-4.77,5.04
KLHL21,4.02,22.45,-5.61,4.77,1.55,0.82,1.65,2.09
KLHL9,-3.93,21.79,2.5,-6.05,0.09,11.43,-1.82,2.21
KLK8,13.99,2.3,65.34,64.37,16.8,19.51,31.28,31.93
KTN1,-4.09,-30.57,62.47,47.52,14.47,33.59,21.38,22.16
LAGE3,4.3,15.82,-0.65,21.82,12.81,16.7,-2.34,-11.07
LAMA3,-9.48,-7.53,-0.54,55.4,14.09,30.05,-1.81,-4.06
LAP3,7.68,5.93,14.92,31.57,5.43,8.45,-9.54,-0.3
LBR,12.51,31.25,78.61,77.25,47.12,63.28,20.37,35.35
LGALS8,0.36,0.69,29.28,35.11,14.08,19.74,9.14,12.05
LGMN,-2.44,22.61,-2.86,18.77,16.03,13.29,-2.33,2.92
LIG1,22.1,31.45,47.78,50.29,21.1,28.67,37.54,41.04
LIPA,-10.9,6.0,39.28,48.54,32.04,37.39,-13.91,-3.99
LOXL1,-6.51,10.49,0.23,-3.25,-1.37,5.51,63.25,39.73
LPAR2,-5.83,-1.85,34.19,33.05,3.79,11.59,15.15,20.94
LPGAT1,-7.89,-16.14,-0.76,33.2,27.38,44.11,2.31,11.58
LRP10,-3.29,-3.4,60.92,66.49,19.41,35.52,-1.44,15.82
LRPAP1,6.5,11.4,22.9,55.47,9.37,17.94,-10.14,-16.26
LRRC41,-2.01,-4.22,50.69,48.46,20.2,24.59,-1.76,17.93
LSM5,-8.78,6.35,9.58,12.13,1.98,0.89,-4.46,-9.72
LSM6,-0.28,4.53,72.59,67.55,25.57,32.74,9.06,24.04
LSR,11.79,13.69,9.93,13.02,13.95,15.44,2.78,10.06
LYN,9.7,1.39,-4.42,9.23,0.98,2.07,-5.94,-19.51
LYPLA1,-4.46,4.63,33.63,28.17,13.43,13.96,11.58,0.91
LYRM1,-3.65,18.89,5.97,12.55,15.14,18.1,1.48,-2.64
MACF1,20.06,23.58,19.69,49.5,9.11,7.36,-0.1,1.25
MALT1,2.43,6.21,34.21,31.79,9.83,19.64,3.97,11.92
MAMLD1,-4.34,13.97,-5.07,-0.9,-2.66,-0.74,-3.42,-1.34
MAN2B1,-5.91,-2.49,73.23,71.83,35.08,40.32,5.56,-6.37
MAP2K5,-0.99,-24.85,-4.61,1.11,3.65,10.62,-0.99,1.75
MAP3K4,-0.16,11.28,69.95,58.22,37.09,35.97,-1.48,-9.35
MAP4K4,-1.97,-2.68,73.98,62.47,-7.84,1.83,-6.73,6.37
MAP7,-1.05,-2.06,25.69,58.05,-6.06,4.2,-0.84,-7.88
MAPK13,8.21,9.56,2.22,6.04,-0.87,-0.9,-5.87,-18.19
MAPK1IP1L,-30.99,-0.99,17.18,20.44,10.07,18.14,0.73,11.53
MAPK9,-14.35,-5.78,16.03,7.51,1.23,12.26,-0.85,0.64
MAPKAPK2,,,10.25,14.02,7.47,6.42,-4.53,1.88
MAPKAPK3,11.4,4.72,47.01,27.57,0.11,5.03,-6.97,3.12
MAPKAPK5,-5.41,33.99,48.3,46.82,-0.97,4.44,-0.11,-14.39
MAST2,-1.08,10.73,-1.61,-4.09,-2.69,2.11,-13.27,6.51
MAT2A,,,57.77,46.64,16.58,27.24,4.3,0.27
MBNL1,30.63,34.67,-4.09,10.38,7.54,26.02,-7.48,-14.82
MBNL2,-0.96,-17.5,41.28,48.29,2.97,3.75,5.57,8.49
MBOAT7,-1.97,8.74,45.23,60.4,13.0,14.64,-2.62,-6.21
MBTPS1,1.18,2.07,10.53,27.62,20.9,26.08,-0.71,9.13
MCM3,9.59,31.85,80.75,75.28,18.77,21.14,43.93,40.67
MCOLN1,5.37,-3.91,25.39,20.44,12.32,15.28,-0.16,-11.8
MCUR1,-6.64,-9.09,41.13,42.99,4.05,2.27,5.87,21.2
ME2,-7.02,-14.83,11.62,37.28,5.18,7.95,19.73,31.26
MEF2C,,,1.4,2.9,-0.12,16.12,-4.03,-3.23
MELK,11.57,12.26,63.99,62.45,49.81,51.46,10.23,19.78
MEST,-1.22,1.26,21.54,28.86,21.34,22.55,1.93,6.15
METRN,-3.78,25.46,51.89,45.61,3.16,5.92,-11.29,-17.48
MFSD10,-5.62,6.43,-3.26,13.55,7.25,5.37,16.55,26.83
MICALL1,-4.16,12.14,20.26,29.26,13.41,26.69,-1.53,7.81
MIF,,,45.73,57.08,9.56,11.68,23.35,27.77
MINDY1,-2.1,-0.52,8.21,23.89,8.23,11.47,-1.34,-13.2
MKNK1,,,34.02,27.95,9.05,11.67,9.95,4.28
MLEC,-1.12,5.88,55.58,52.38,8.73,19.67,-6.92,-2.34
MLLT11,3.28,-3.74,49.31,54.23,1.46,7.47,12.39,8.16
MMP1,,,76.79,79.02,11.81,6.64,17.52,25.84
MMP2,,,40.07,35.06,12.23,20.07,-0.29,-8.53
MNAT1,,,48.71,52.35,-3.21,12.72,-0.75,-2.01
MPC2,-6.05,7.43,71.93,72.62,6.0,7.56,-8.74,-7.28
MPZL1,4.6,15.28,35.44,65.55,22.01,26.28,45.08,44.37
MRPL12,-0.4,11.23,79.22,78.08,43.15,48.29,21.59,5.62
MRPL19,15.99,2.31,68.88,63.89,19.32,29.26,31.22,32.24
MRPS16,-10.44,5.73,14.52,4.71,9.44,4.46,-8.46,-9.1
MRPS2,-6.52,32.02,55.78,58.77,2.19,9.02,7.22,5.71
MSH6,2.1,23.57,43.79,43.65,26.0,26.49,12.54,11.92
MSRA,-5.95,0.78,27.57,30.6,-2.72,2.63,-0.26,-7.02
MTA1,-1.06,7.73,15.56,28.43,-3.04,7.65,6.08,6.4
MTERF3,9.52,20.36,53.34,56.4,12.38,11.34,0.4,18.13
MTF2,37.46,38.19,14.42,17.92,-1.95,3.28,-0.87,7.06
MTFR1,-2.82,-3.26,14.12,23.05,-0.2,4.85,18.31,14.48
MTHFD2,-3.0,21.06,71.7,79.4,39.01,52.17,18.9,42.61
MUC1,,,5.41,11.87,-0.48,0.8,-7.43,-1.79
MVP,14.76,22.97,79.05,73.76,32.3,41.54,-2.97,-2.93
MYBL2,-6.91,-9.63,61.78,70.18,26.59,36.79,20.9,23.11
MYC,59.58,45.92,31.46,55.67,24.13,41.03,12.3,22.12
MYCBP,-1.92,8.25,47.22,61.7,9.68,27.34,-2.15,-3.23
MYCBP2,-3.08,-21.47,24.81,27.99,6.34,13.92,-6.6,-1.47
MYL9,,,77.36,74.2,4.54,18.31,10.71,9.93
MYLK,,,8.37,3.54,4.71,5.67,-2.22,6.52
MYO10,-5.92,-9.65,54.42,61.71,13.67,40.56,-2.05,5.97
NCAPD2,10.62,15.52,41.0,41.9,13.56,21.13,11.25,8.7
NCK1,,,-2.46,-1.07,-0.87,-0.36,-4.69,-4.5
NCK2,,,-9.03,17.35,18.53,27.58,11.54,9.04
NCOA3,-14.3,-13.94,-3.2,26.43,0.58,16.13,2.01,9.13
NENF,-12.97,15.12,11.41,24.16,2.14,4.37,-1.38,20.2
NET1,-5.9,6.69,74.63,72.62,13.17,41.25,-6.1,-7.6
NFATC3,,,-3.21,-7.08,-1.39,0.72,-7.84,-11.82
NFATC4,,,10.29,20.57,1.4,5.33,9.13,7.53
NFE2L2,1.16,3.35,-9.27,40.78,11.07,33.18,6.05,15.3
NFIL3,6.74,33.96,42.75,51.49,1.53,4.24,0.85,-2.08
NFKB2,,,62.03,59.15,10.75,24.4,0.95,3.46
NFKBIA,,,31.08,38.92,32.08,45.6,0.04,1.32
NFKBIB,,,48.3,58.49,23.14,38.81,24.61,31.68
NFKBIE,,,37.66,41.21,12.04,14.95,2.83,0.97
NGRN,-13.41,9.11,26.21,19.71,-1.47,-0.65,-2.48,-3.97
NIPSNAP1,10.8,10.5,46.55,72.85,33.7,40.53,34.09,53.33
NISCH,-5.51,6.65,13.68,17.2,16.1,20.35,16.02,13.44
NIT1,11.76,10.15,33.82,39.12,16.52,25.48,7.61,9.95
NMT1,12.59,14.99,25.91,34.84,19.85,22.77,6.19,15.67
NNT,-0.63,-5.65,4.43,22.39,2.12,11.13,22.59,14.42
NOL3,-4.66,2.49,8.92,49.79,6.19,15.79,-26.69,-12.25
NOLC1,14.37,11.47,50.8,47.42,32.67,33.62,8.87,6.31
NOS3,,,11.46,2.04,-0.63,1.41,-16.6,-3.17
NOSIP,-1.56,11.3,10.37,28.94,-3.7,2.44,-11.38,11.81
NOTCH1,,,15.65,21.2,21.59,19.65,-0.49,5.37
NPC1,30.5,29.86,59.52,63.98,29.52,40.57,36.88,32.01
NPDC1,0.21,19.08,16.64,24.36,-3.19,11.88,-7.01,-14.13
NPEPL1,-2.48,-0.51,67.86,65.81,14.63,11.62,9.34,8.39
NPRL2,-4.28,3.93,-2.36,0.69,-1.59,1.41,18.51,9.28
NR1H2,-11.66,-3.02,12.48,11.31,6.66,5.31,-7.2,-7.43
NR2F6,20.18,35.63,14.15,25.82,10.24,15.45,-10.52,-8.66
NR3C1,13.61,38.36,11.53,21.07,2.97,5.22,-5.04,-11.1
NRAS,,,18.39,22.61,11.16,19.76,4.66,0.93
NRIP1,9.54,11.75,17.17,33.54,7.41,9.11,-4.12,0.34
NSDHL,15.84,25.27,20.47,21.98,-5.09,5.55,-2.05,-0.38
NT5DC2,-0.78,27.69,17.01,20.76,0.68,2.45,-0.74,-7.21
NUCB2,-2.52,10.95,49.27,55.94,4.65,19.99,-0.83,1.08
NUDCD3,-5.48,-3.1,38.99,47.79,6.9,18.11,18.5,16.05
NUDT9,16.37,30.23,11.66,13.87,-2.61,9.19,-12.15,-2.28
NUP133,16.9,15.44,6.57,20.98,-0.43,3.03,-4.79,-14.49
NUP62,6.38,14.76,19.27,31.19,39.77,41.54,27.89,22.79
NUP85,12.61,27.08,45.01,40.87,14.64,20.78,-1.06,-0.93
NUP88,-7.29,6.59,85.48,74.34,36.44,45.41,-1.85,2.04
NUP93,-6.17,-12.1,30.69,44.32,22.37,26.66,8.06,2.65
NUSAP1,25.01,34.02,67.57,67.13,6.84,6.87,-0.36,-3.66
NVL,-3.07,0.73,12.15,22.57,15.63,18.99,10.72,3.81
ORC1,-18.51,6.12,3.0,1.86,8.97,17.79,10.03,21.84
OXA1L,-1.65,5.3,23.26,14.96,-1.7,-0.65,-4.63,-1.08
OXCT1,-12.56,18.88,18.01,18.2,7.27,14.59,12.12,14.67
OXSR1,-4.35,16.37,47.44,40.89,12.6,16.45,11.24,-2.91
P4HA2,7.27,9.11,68.0,67.46,33.78,43.81,3.79,10.5
P4HTM,3.54,26.65,39.69,46.62,21.18,25.25,-1.73,12.53
PACSIN3,6.84,12.46,25.09,40.13,-1.49,6.81,-5.37,1.55
PAF1,8.42,24.44,26.97,29.95,10.79,18.52,-14.29,-5.29
PAFAH1B1,-6.33,18.31,57.93,56.69,15.02,14.79,30.03,12.35
PAFAH1B3,13.04,21.41,82.25,78.12,30.31,41.37,45.9,37.97
PAICS,-11.46,-5.85,71.21,76.58,22.27,24.51,23.39,41.38
PAK1,,,1.7,1.3,-1.27,0.29,-0.63,-0.44
PAK4,3.85,38.67,61.33,61.97,9.54,24.89,-19.48,-4.22
PAK6,,,-2.64,-3.53,-1.63,0.54,-7.07,-2.05
PAN2,-12.85,9.75,37.27,33.75,4.73,9.0,-3.4,-2.43
PARP1,,,30.74,27.85,15.94,27.99,2.11,5.08
PARP2,21.29,13.79,54.79,55.61,4.95,8.57,-1.62,3.63
PAX8,10.31,15.38,10.2,40.42,1.9,4.45,12.59,14.92
PCBD1,-2.67,8.52,15.07,23.36,9.94,19.0,21.3,28.24
PCCB,-4.96,1.96,12.3,11.84,5.22,4.92,-0.72,-3.81
PCK2,22.95,30.95,37.76,43.35,26.65,45.41,-1.22,-1.39
PCM1,-2.58,15.53,26.63,39.89,-5.78,7.25,12.59,17.78
PCMT1,16.94,37.52,31.55,38.89,11.96,19.76,3.88,17.64
PCNA,,,-3.05,6.96,2.96,4.89,-10.92,-18.76
PDGFA,,,66.04,68.79,1.68,14.95,-5.89,-3.9
PDHX,2.39,14.4,22.27,34.09,-2.57,3.46,-1.32,3.81
PDIA5,-3.56,-7.0,-3.71,24.35,1.87,9.54,-2.05,-6.25
PDLIM1,3.57,7.08,34.71,35.52,18.37,28.61,12.99,18.25
PDS5A,3.88,29.17,61.8,54.87,8.03,24.78,0.26,14.5
PECR,-2.64,-0.22,68.17,65.15,4.87,14.47,-1.04,1.42
PEX11A,-10.04,4.73,8.07,9.66,-2.61,1.53,0.07,-14.14
PFKL,,,2.53,8.19,2.97,2.84,-3.92,7.63
PGAM1,,,-0.58,-0.91,-5.36,3.14,-4.68,-8.74
PGM1,-2.44,5.79,42.04,50.85,42.94,44.13,-8.84,-5.93
PGRMC1,-0.3,22.01,53.58,59.56,7.49,19.84,39.98,39.18
PHGDH,24.54,31.48,63.72,52.42,34.24,36.06,7.04,18.74
PHKA1,-6.94,-2.45,48.13,52.4,-1.71,3.43,-2.17,6.53
PHKB,1.38,16.21,51.26,49.86,7.19,20.81,-0.19,12.26
PHKG2,-9.83,7.22,12.1,13.01,3.6,11.14,-0.15,4.04
PIGB,-5.04,7.55,-4.08,5.22,-2.63,0.75,-7.57,-2.19
PIH1D1,1.23,18.72,-2.05,8.58,3.82,1.84,-5.26,-0.05
PIK3C2B,-1.25,-9.49,42.71,33.98,1.94,6.24,-0.53,-4.87
PIK3C3,,,13.06,21.26,10.41,13.96,-1.31,7.98
PIK3CA,,,35.22,38.74,26.76,29.43,24.86,19.52
PIK3R3,,,41.0,41.52,7.73,15.6,-0.57,1.2
PIK3R4,,,44.83,47.99,11.07,20.31,-5.74,-20.54
PIN1,15.08,32.56,33.7,34.69,-2.32,-0.75,3.28,4.84
PIP4K2B,15.59,18.32,28.64,18.66,20.65,35.63,1.06,-2.94
PKIG,-7.42,4.79,4.5,13.7,-1.0,2.1,-9.17,-7.37
PLA2G15,-5.98,-1.53,65.72,58.77,7.16,17.87,-0.96,1.44
PLA2G4A,,,16.18,25.7,12.64,16.58,14.4,8.57
PLCB3,,,12.11,14.1,6.85,11.16,-1.53,11.66
PLEKHJ1,-6.54,7.47,-0.22,15.18,3.01,12.35,-2.82,-1.03
PLEKHM1,4.3,16.99,32.27,36.67,-0.44,5.28,2.81,2.22
PLK1,,,47.71,44.18,41.3,50.72,0.15,-5.11
PLOD3,-0.87,2.51,47.0,49.44,12.81,26.13,-3.62,-9.37
PLP2,-9.12,-23.17,13.16,15.48,2.08,10.52,5.72,1.27
PLS1,1.35,5.92,32.16,40.74,3.64,2.04,-3.95,-11.63
PLSCR1,-6.44,1.03,-0.49,17.28,32.15,32.41,-9.32,-4.03
PLSCR3,-2.12,-0.53,58.15,62.17,1.68,6.34,-2.94,4.6
PMAIP1,-13.06,7.92,49.86,66.62,30.12,38.22,12.42,17.88
PMM2,16.21,35.86,9.11,6.44,-1.69,0.94,9.91,9.02
PNKP,-2.44,-8.28,24.8,36.2,1.88,3.71,-1.31,-0.26
POLB,8.25,12.08,69.54,66.24,1.7,5.49,-3.98,-1.73
POLD1,28.73,23.4,86.68,81.85,47.45,44.6,8.57,8.73
POLD4,-11.95,3.67,70.8,61.35,23.1,37.36,17.18,25.46
POLE2,-4.81,15.99,85.64,77.11,47.59,54.23,-0.32,3.36
POLG2,6.6,24.65,38.38,52.51,3.94,3.5,-10.78,-5.53
POLR1C,-5.27,-9.25,59.48,63.82,13.6,13.31,20.09,20.74
POLR2I,-2.49,0.6,7.04,16.02,7.29,4.59,-0.72,-5.05
POLR2K,0.91,11.55,48.96,40.12,12.94,13.57,21.7,18.15
POP4,18.84,12.87,77.18,75.26,27.25,34.37,5.67,15.7
PPARD,,,10.58,18.23,22.94,25.94,2.03,-3.44
PPARG,-12.57,-5.32,-1.24,36.4,11.31,12.86,0.88,11.8
PPIC,-11.6,16.38,71.6,70.74,13.39,11.54,-4.41,6.09
PPIE,-15.82,10.35,68.12,63.46,6.74,9.18,-0.31,1.32
PPOX,-6.42,4.17,24.11,20.14,5.74,5.18,3.29,3.33
PPP1R13B,,,11.93,21.02,11.99,6.46,7.0,-12.68
PPP2R3C,2.24,-0.88,35.61,32.06,20.62,29.79,-4.39,-6.95
PPP2R5A,1.64,24.78,52.7,49.42,9.29,17.67,-1.78,0.49
PPP2R5E,-2.28,-4.3,11.92,9.8,-0.2,4.46,-2.68,4.87
PRAF2,-2.93,1.68,45.11,57.49,24.16,29.91,-1.42,16.05
PRCP,-1.37,17.75,65.38,63.63,32.71,38.7,10.13,2.1
PRKACA,-0.08,6.04,32.31,48.52,12.13,14.4,13.99,14.21
PRKAG2,,,12.66,34.99,30.41,50.18,9.47,4.87
PRKCD,-8.35,-11.07,-3.46,26.71,17.64,42.8,-8.4,11.67
PRKCH,,,-2.96,14.35,-6.22,1.51,-2.19,-5.1
PRKCQ,,,3.25,6.64,4.67,10.29,-1.64,-12.49
PRKX,,,46.38,47.64,19.28,25.95,1.93,5.72
PROS1,,,7.36,37.13,26.76,34.98,11.24,15.41
PRPF4,3.17,6.84,45.14,43.59,11.23,7.65,-0.88,-3.77
PRR15L,-6.21,2.59,11.99,11.34,17.09,17.77,-2.26,-10.73
PRR7,25.17,10.84,66.44,59.25,6.72,12.09,-9.87,0.23
PRSS23,3.49,11.77,88.95,76.38,45.31,51.52,-3.64,-3.63
PRUNE1,-1.67,8.81,57.84,62.2,-5.75,28.71,4.54,9.31
PSIP1,-18.4,2.26,61.83,57.87,19.13,16.25,-5.28,11.36
PSMB10,,,11.12,37.46,2.02,19.63,-5.46,0.89
PSMB8,,,34.77,59.97,5.94,16.6,2.57,4.01
PSMD10,-2.75,-0.77,50.12,47.69,14.98,18.06,-1.67,-5.48
PSMD2,,,55.69,56.48,30.99,26.89,3.62,15.76
PSMD4,,,-4.17,4.64,1.33,3.44,-3.87,-8.17
PSMD9,,,-4.71,-3.4,30.09,33.68,-0.04,1.25
PSME1,,,41.49,63.43,36.16,45.47,32.91,46.88
PSME2,,,55.23,60.28,31.5,32.76,2.51,-5.33
PSMF1,,,23.58,16.69,15.84,17.82,14.33,12.28
PSMG1,-0.19,6.09,62.8,55.86,29.59,24.15,30.43,25.09
PSRC1,56.21,53.06,27.99,34.64,27.7,36.01,-19.16,-14.38
PTGS2,,,58.44,65.46,9.97,35.57,-15.41,-2.37
PTK2,-1.7,-25.79,-4.5,18.97,-0.24,2.97,-0.59,-3.86
PTK2B,,,22.57,36.14,28.42,20.1,18.27,28.92
PTPN1,-4.53,-11.9,58.56,62.26,32.31,43.92,10.21,22.75
PTPN12,-0.25,-2.63,79.03,75.72,34.04,43.18,-0.15,12.22
PTPN6,,,50.69,57.73,41.76,51.55,-4.54,6.77
PTPRC,,,37.16,36.23,18.86,20.24,8.99,6.02
PTPRF,-6.75,-5.19,65.0,62.95,28.07,31.72,11.18,6.18
PTPRK,0.79,0.58,39.51,38.12,14.52,15.65,2.93,1.88
PUF60,-15.5,15.64,-4.53,3.82,-0.87,0.08,-0.57,-0.6
PWP1,13.53,36.06,30.46,33.36,4.88,12.56,-4.75,-34.23
PXMP2,-2.8,23.93,28.29,35.23,9.44,10.44,6.15,5.34
PXN,-2.64,-12.46,68.73,75.1,38.47,35.37,10.35,3.55
PYCR1,-0.35,19.37,53.21,61.18,29.34,40.63,22.12,2.53
PYGL,-1.22,29.96,29.8,50.63,5.82,12.47,-2.57,-8.07
RAB11FIP2,-26.82,-11.8,-1.75,4.69,-1.75,6.72,4.73,6.58
RAB21,27.14,23.37,17.18,22.72,0.84,1.67,-8.65,3.19
RAB27A,6.6,7.13,23.34,35.4,21.46,20.75,-2.52,-1.37
RAB31,-10.28,-3.56,21.71,48.9,16.7,20.53,-4.75,-3.0
RAB4A,1.69,18.03,5.28,15.46,5.52,7.99,-7.21,-20.84
RAC2,,,5.06,3.76,3.34,7.9,19.88,40.32
RAD51C,8.89,7.91,46.01,47.86,9.75,11.01,-5.65,2.82
RAD9A,-6.18,10.65,33.96,34.76,13.45,20.75,-8.08,-7.75
RAE1,1.14,3.69,79.95,72.31,34.5,42.19,-3.99,3.6
RAI14,2.17,6.06,59.81,71.76,9.33,17.75,-0.52,5.97
RALA,,,-0.04,28.84,19.45,19.59,20.64,28.53
RALB,,,53.18,65.27,3.85,9.27,0.53,0.05
RALGDS,,,-8.94,11.46,7.32,11.72,1.62,-4.43
RAP1GAP,-1.72,10.51,37.92,51.96,56.98,55.87,-3.58,-8.98
RASA1,,,11.8,10.77,7.63,11.19,-0.63,-9.4
RB1,,,23.64,25.84,-1.46,1.39,-2.53,3.84
RBKS,6.3,7.24,51.04,53.34,13.31,19.78,13.66,0.15
RBM15B,5.46,-6.57,-3.58,12.22,4.68,11.17,11.18,16.12
RBM34,3.5,-5.19,15.42,19.79,3.23,2.19,-1.95,1.41
RBM6,-1.67,-2.11,34.75,40.1,12.74,13.0,-7.25,-0.77
REEP5,-2.44,-7.89,5.84,29.57,10.51,18.3,-1.35,-5.11
RELB,25.78,39.4,40.63,34.43,26.21,32.33,7.75,22.35
RFC2,-2.28,2.15,38.54,37.53,-2.96,1.75,-5.18,-4.48
RFC5,-1.24,22.31,52.09,61.05,10.45,17.34,3.16,16.45
RFNG,-5.49,-3.7,21.77,18.83,14.79,12.31,5.9,-2.47
RFX5,3.67,10.28,36.27,27.2,19.16,26.68,-7.41,8.96
RGS2,20.69,8.37,73.63,76.17,12.72,20.33,-3.64,8.17
RHEB,,,53.56,49.15,7.52,4.14,-3.26,-3.17
RHOA,,,54.12,50.18,4.26,17.56,15.98,15.13
RHOV,,,0.55,4.95,13.53,12.07,-5.89,-13.81
RNF167,-3.27,0.42,-1.81,11.71,2.19,4.23,-4.95,-5.63
RNH1,-27.79,-34.16,-0.53,-5.36,0.41,5.37,-0.34,7.49
RNMT,5.97,11.93,43.43,48.85,-6.19,21.01,1.68,1.34
RNPS1,-27.44,-5.92,63.35,70.81,7.18,7.75,-6.49,-13.95
RPA1,7.22,6.74,55.0,64.57,-1.11,25.69,24.1,42.94
RPA2,0.04,-2.99,63.21,67.59,17.31,24.56,-7.54,-17.37
RPA3,6.15,5.84,55.31,57.49,21.7,26.9,-0.4,7.12
RPIA,-3.04,-1.93,81.9,83.15,25.64,35.73,-1.66,-9.24
RPL39L,-2.54,-35.64,78.54,72.13,22.88,22.4,2.21,4.66
RPN1,-17.73,4.34,17.1,14.89,6.43,6.93,1.36,7.02
RPP38,-4.72,-14.68,36.67,39.33,-10.06,-0.08,-8.41,-7.41
RPS5,,,61.38,49.6,-2.21,0.7,-5.63,-5.95
RPS6,,,3.66,11.75,8.38,14.28,-0.1,3.99
RPS6KA1,19.48,22.8,2.78,2.62,29.2,34.19,7.63,2.92
RRAGA,-0.3,-5.31,11.45,47.7,13.95,15.57,-1.32,1.49
RRP12,19.58,29.82,34.78,69.36,5.14,6.41,-1.37,14.07
RRP1B,-11.32,12.26,40.84,36.69,21.56,29.81,18.97,19.47
RRP8,13.66,17.9,55.22,56.49,8.87,20.6,-0.86,-2.51
RRS1,-11.92,1.14,47.81,50.5,3.3,4.74,-10.89,-4.08
RSU1,-0.75,15.29,70.87,69.94,0.15,23.85,-0.25,2.89
RTN2,-11.33,0.56,54.44,47.86,16.08,20.56,1.45,5.38
RUVBL1,-8.96,6.22,76.32,74.97,12.72,20.01,-7.64,2.39
RXYLT1,-11.98,-10.32,33.37,35.06,11.33,18.96,-2.23,8.49
S100A13,-3.13,13.34,4.97,59.48,20.87,36.24,18.65,10.54
S100A4,1.95,15.31,45.0,51.5,10.74,8.95,20.97,1.49
SACM1L,21.49,38.66,38.57,37.66,22.03,35.88,-4.18,5.98
SATB1,,,2.21,-4.91,2.32,8.67,-4.34,8.33
SCAND1,8.77,-3.07,-0.51,5.97,5.56,11.36,-4.78,-4.65
SCARB1,-7.93,-5.23,75.24,77.26,8.83,25.08,23.3,42.49
SCCPDH,14.83,8.04,24.89,37.44,2.81,5.68,3.36,18.42
SCP2,-3.57,12.15,24.38,34.7,12.6,13.69,5.69,4.73
SCRN1,-0.95,16.06,11.81,16.95,-2.15,10.95,-3.73,-10.49
SCYL3,-2.57,2.92,11.51,26.49,4.5,6.12,-4.39,-12.22
SDHB,7.02,22.46,72.7,66.89,15.48,30.79,-1.74,9.86
SENP6,-9.3,-0.55,12.36,14.55,13.57,28.58,-5.72,-13.12
SERPINE1,,,86.97,85.13,36.79,41.63,25.71,27.96
SESN1,7.44,40.67,48.72,53.17,29.68,34.88,-2.6,1.78
SFN,8.26,21.19,40.32,35.85,14.53,14.6,10.22,31.72
SGCB,13.89,5.51,5.62,2.18,12.57,5.83,-1.91,-1.2
SH3BP5,-0.83,-1.21,6.75,49.87,3.38,11.1,-10.96,1.19
SHB,-0.24,14.94,29.91,27.67,-1.17,5.07,3.97,4.78
SHC1,,,31.99,33.94,11.32,14.3,-1.97,-0.72
SIRT3,,,2.19,5.05,-0.32,1.03,-12.39,-18.74
SKIC2,-2.08,-4.72,19.01,27.85,11.45,20.86,4.59,3.88
SKIC8,-6.75,-5.08,39.37,47.68,-2.73,0.1,2.07,-7.65
SKP1,,,33.84,25.77,7.7,20.98,-2.62,10.71
SLC11A2,-2.65,10.17,20.07,20.71,-3.28,4.24,-1.75,11.56
SLC1A4,25.91,22.17,23.8,31.58,-0.29,7.33,-7.97,16.67
SLC25A13,-3.55,18.98,0.8,12.39,-5.5,3.38,-3.98,-4.33
SLC25A14,-1.33,-0.77,22.86,24.44,-3.58,-2.46,-2.31,-6.74
SLC25A4,5.27,42.03,22.63,41.23,12.73,25.28,0.37,17.89
SLC25A46,25.61,28.84,-1.16,-0.33,2.53,1.21,-6.9,-19.5
SLC27A3,-16.44,-6.9,29.51,18.55,16.85,23.57,-6.57,-3.56
SLC2A6,2.38,7.3,80.73,81.06,12.73,18.62,-2.85,-3.52
SLC35A1,12.68,19.47,67.3,70.11,-3.86,8.27,17.82,20.46
SLC35A3,-14.36,-10.92,-3.49,6.99,-1.85,0.97,-1.61,7.35
SLC35B1,-7.44,-0.48,63.51,54.93,13.26,19.93,-2.65,1.73
SLC35F2,-7.16,2.41,39.3,41.73,20.18,27.35,-0.11,3.71
SLC37A4,40.99,39.07,51.9,47.37,9.24,17.75,8.99,12.62
SLC5A6,-4.63,-14.32,29.89,28.82,0.8,3.61,-9.52,-7.86
SMAD3,19.44,34.06,47.87,57.88,13.96,23.53,-4.51,-5.62
SMARCA4,4.42,18.44,-0.55,7.39,-5.53,2.9,-1.63,-0.45
SMARCC1,-0.91,-10.8,27.4,37.0,9.07,18.08,4.69,12.51
SMARCD2,-4.03,-3.36,13.92,42.43,3.44,5.35,-7.25,-5.22
SMC1A,-3.35,-3.54,12.67,22.13,0.93,1.46,-0.13,6.5
SMC3,3.21,0.37,46.2,48.93,-2.94,6.94,-0.89,4.98
SMC4,-7.95,-2.23,81.38,68.69,51.98,57.06,36.95,33.41
SMNDC1,-20.57,31.54,31.52,46.39,5.01,23.47,20.62,14.89
SNAP25,,,-0.25,36.4,12.42,22.94,9.86,4.44
SNCA,,,-1.03,-10.26,-0.61,2.85,-3.59,-2.63
SNX11,-14.44,10.31,-6.57,-3.6,-3.25,3.1,-2.08,4.59
SNX13,-0.8,10.4,47.16,23.94,16.51,21.12,0.86,6.83
SNX6,6.61,10.65,41.18,61.38,5.24,17.94,-0.68,2.36
SNX7,-8.51,-4.39,31.2,37.49,13.57,14.31,-2.81,-8.44
SOCS2,-5.14,20.65,0.26,26.07,26.61,32.72,6.56,14.69
SORBS3,8.84,16.07,30.8,54.18,16.14,12.45,-0.2,6.2
SOX2,,,-3.15,6.94,19.25,16.16,17.26,27.54
SOX4,-4.73,3.01,64.56,70.2,11.95,15.03,-3.2,1.68
SPAG4,-6.67,-7.63,58.86,62.59,17.08,13.14,-3.47,-6.76
SPAG7,-16.83,-12.28,20.8,26.44,8.56,22.97,12.18,14.79
SPDEF,-11.51,-2.6,-0.7,23.96,0.79,1.61,4.85,-0.58
SPEN,2.91,3.21,17.26,27.33,1.34,6.95,-3.39,4.04
SPP1,,,13.32,66.57,18.81,25.85,21.89,40.79
SPR,20.51,16.56,-2.1,0.71,6.86,14.18,-0.09,11.81
SPRED2,1.3,10.18,0.83,3.38,0.9,7.86,-5.2,-2.39
SPTAN1,,,25.0,50.15,4.98,24.84,-5.37,5.82
SPTLC2,26.03,10.9,29.42,24.48,1.62,3.06,-2.82,5.81
SQOR,-12.64,-1.76,35.1,56.5,1.86,1.01,-0.86,-15.61
SQSTM1,,,60.54,73.67,33.7,46.14,14.38,21.37
SRC,,,30.2,41.11,39.25,39.43,-2.04,-3.89
SSBP2,-1.14,-12.65,8.72,5.3,-2.07,-2.21,-2.45,11.68
ST3GAL5,-1.52,2.17,48.24,47.49,16.45,26.61,0.14,-5.8
ST6GALNAC2,-6.43,18.96,-6.89,0.03,-1.05,1.09,-0.51,-17.96
ST7,-3.02,-2.85,17.81,41.6,0.51,21.86,-10.96,-1.49
STAMBP,0.17,32.88,42.98,49.23,3.02,6.63,-0.25,-11.53
STAP2,-3.62,-15.44,2.59,-6.01,-2.42,-0.95,-1.06,9.34
STAT1,0.67,14.26,65.35,69.43,29.46,29.82,-1.4,0.17
STAT3,,,45.01,37.4,21.14,23.9,8.79,13.17
STAT5B,,,-6.6,9.28,4.26,2.91,-6.28,-2.44
STIMATE,-3.04,0.46,0.32,14.66,2.55,3.12,-2.49,-6.03
STK10,-6.22,-10.51,-10.52,-3.72,-0.05,0.08,-2.84,0.69
STK25,11.26,1.38,2.21,33.16,6.16,23.28,19.86,20.69
STMN1,19.17,19.65,59.41,62.25,7.91,32.3,35.25,40.67
STUB1,-2.61,-5.41,-0.7,-1.32,-2.12,1.77,-1.01,-18.32
STX1A,-1.4,14.9,46.57,64.53,11.85,29.66,17.01,30.37
STX4,-1.14,10.53,59.04,59.61,30.43,30.6,16.46,15.09
STXBP1,-5.16,-3.15,30.01,27.31,10.51,17.27,-0.86,16.34
STXBP2,5.17,10.47,20.35,26.02,-4.24,3.2,-3.05,3.33
SUPV3L1,-6.68,-9.23,35.27,28.69,5.14,10.25,1.21,5.54
SUV39H1,,,78.02,67.47,21.88,31.94,14.04,7.57
SUZ12,,,59.4,67.54,18.68,25.02,8.45,2.95
SYK,,,20.9,20.08,11.23,15.04,10.71,9.94
SYNE2,-0.32,7.02,5.22,6.84,22.38,28.38,-3.42,-5.34
SYNGR3,-2.68,-5.14,62.64,63.04,-7.9,10.79,-17.33,-5.85
SYPL1,-3.32,3.02,40.8,49.12,4.02,11.64,3.49,3.78
TARBP1,-4.21,2.41,-2.32,10.33,4.53,8.52,-3.3,-20.66
TATDN2,-6.36,10.62,28.93,33.88,22.21,24.16,-0.96,6.98
TBC1D31,-2.02,3.25,34.24,38.05,-2.44,-0.5,-1.24,0.68
TBC1D9B,11.59,17.8,21.52,22.31,-3.69,-1.93,-6.98,-3.38
TBP,,,64.2,63.99,7.14,15.17,-4.2,-10.6
TBPL1,21.85,8.85,49.14,52.73,25.68,28.71,0.27,-3.05
TBX2,1.05,-1.09,-1.69,5.81,1.4,5.06,-2.58,2.19
TBXA2R,-0.45,-5.24,-0.92,2.13,7.07,13.94,-1.97,-0.55
TCEA2,18.22,24.73,62.91,64.95,22.63,35.71,6.25,14.81
TCEAL4,11.96,22.45,40.33,41.7,17.69,26.97,-1.61,6.78
TCERG1,23.46,16.12,66.04,63.97,30.87,46.92,-1.76,4.05
TCFL5,0.23,7.39,18.34,21.6,1.18,2.69,-3.24,-6.56
TCTA,2.51,-0.35,51.86,56.12,1.04,3.8,-4.41,-7.53
TCTN1,10.52,15.15,57.3,47.89,8.09,5.64,1.42,20.83
TENT4A,29.36,37.87,26.41,25.61,16.42,14.58,1.33,1.08
TERF2IP,-3.29,1.92,49.67,57.86,44.65,41.28,38.67,38.86
TERT,,,-4.34,10.46,5.12,16.63,9.54,5.78
TES,-7.88,0.84,74.37,68.83,26.24,33.63,12.24,11.9
TESK1,-2.14,11.35,62.22,59.72,30.61,35.0,9.23,3.08
TEX10,27.96,34.16,34.23,45.56,6.95,18.38,-8.99,-8.49
TFAP2A,-1.4,-6.1,22.3,26.16,15.88,24.3,8.38,18.64
TFDP1,,,19.49,22.81,19.3,26.69,1.35,4.24
TGFB3,,,11.08,12.1,4.89,12.14,1.71,4.69
TGFBR2,,,-7.59,39.73,2.8,1.75,3.96,14.26
THAP11,25.31,48.27,36.7,33.82,4.04,1.17,-1.38,-9.76
TIAM1,1.16,18.15,4.7,8.4,-2.29,-2.97,-4.16,-9.46
TICAM1,,,30.12,33.25,15.62,22.48,-4.18,-9.42
TIMELESS,-6.29,17.64,78.7,73.65,39.41,46.27,9.83,21.16
TIMM17B,-4.62,-3.97,8.3,20.34,0.53,5.28,-10.47,-4.07
TIMM22,-2.12,8.07,31.62,33.87,-2.09,-2.02,-0.7,-10.99
TIMM9,-5.64,27.43,39.33,44.79,6.73,12.26,4.82,5.16
TIMP2,22.0,29.38,76.5,72.5,30.62,32.02,12.12,22.45
TIPARP,32.03,31.32,64.24,70.91,2.59,19.63,-1.73,3.28
TJP1,-2.96,-3.2,42.54,47.95,0.76,4.8,7.08,4.44
TLCD3A,-7.44,-8.62,2.54,17.07,10.18,21.26,-0.22,-2.86
TLE1,-0.1,28.33,17.46,20.36,18.73,16.65,4.75,2.45
TLK2,-3.44,20.59,8.01,12.56,3.24,2.3,-2.17,-1.82
TLR4,,,-10.36,-11.57,-1.63,-1.03,-3.35,-2.87
TM9SF2,-2.8,-10.02,16.5,22.86,-1.37,3.22,-1.59,-4.48
TM9SF3,10.87,17.43,-0.67,3.53,0.12,-1.03,-0.07,12.74
TMCO1,-1.84,27.18,20.51,49.17,10.33,32.0,-9.1,4.3
TMED10,-1.39,-9.4,35.43,60.68,24.85,34.72,-1.93,-4.39
TMEM109,-1.21,-2.16,58.69,70.01,27.03,40.57,24.71,20.74
TMEM50A,-3.22,15.01,49.91,58.27,31.87,22.07,22.22,28.91
TMEM97,2.08,-0.6,74.7,72.5,37.44,43.33,13.59,14.44
TNFRSF21,14.74,6.7,23.58,23.78,16.93,29.23,11.14,7.91
TNIP1,-7.58,12.17,61.26,56.83,7.14,9.77,-2.39,2.33
TOMM34,0.58,18.04,42.52,41.16,1.88,6.97,3.83,11.67
TOMM70,5.93,11.59,55.36,48.92,16.0,35.58,-4.47,3.32
TOP2A,52.32,59.58,76.05,78.93,43.17,59.2,43.33,48.2
TOPBP1,-1.98,7.38,46.42,44.65,33.35,22.73,4.1,13.1
TOR1A,-3.31,0.04,0.5,1.95,2.08,3.76,-5.95,-14.46
TP53,,,65.98,61.98,37.79,47.02,10.19,11.3
TP53BP1,4.58,-2.19,-1.04,15.16,-6.8,4.8,-0.64,-1.37
TP53BP2,-3.74,-11.84,51.22,32.35,12.8,16.89,0.39,-7.43
TPD52L2,7.09,11.06,40.84,38.67,4.43,11.55,-0.36,-0.4
TPM1,14.49,21.5,90.03,87.81,47.81,49.15,60.02,63.93
TRAK2,2.76,3.49,17.65,26.45,9.45,13.43,-0.23,0.01
TRAM2,26.93,24.11,64.96,61.49,2.39,6.91,11.19,21.87
TRAP1,-2.51,9.33,56.16,50.0,3.17,5.38,-0.63,-13.89
TRAPPC3,14.25,21.06,-3.46,2.09,-7.39,1.9,-0.48,-2.03
TRAPPC6A,-6.01,12.85,72.85,67.06,25.13,37.41,9.4,12.16
TRIB1,25.6,24.67,50.23,45.1,22.99,32.34,21.53,30.04
TRIB3,45.06,51.79,-4.24,8.55,15.8,25.13,1.55,6.47
TRIM13,2.23,3.08,7.55,15.35,14.93,16.64,15.41,22.66
TRIM2,-13.6,-7.0,13.91,28.31,21.3,21.52,-4.32,3.74
TSC22D3,19.18,38.55,38.98,54.63,51.85,57.09,-2.21,11.03
TSEN2,-3.09,7.55,82.7,77.39,6.51,22.09,-0.24,-6.35
TSKU,34.75,36.71,29.43,47.85,30.12,31.66,5.41,3.96
TSPAN3,15.08,28.98,44.56,56.91,11.85,10.09,-3.25,9.96
TSPAN4,-1.83,2.25,-3.02,0.61,7.37,2.65,4.64,-6.47
TSPAN6,-3.05,0.64,53.56,48.52,29.83,24.11,-14.26,-5.47
TUBB6,1.09,34.58,6.08,12.74,4.66,7.88,-0.3,-2.11
TWF2,6.87,21.46,56.26,61.05,0.27,6.0,-3.16,-3.58
TXLNA,-40.94,-9.19,34.89,23.87,10.29,16.54,1.59,14.97
TXNDC9,4.05,20.27,-0.01,5.78,3.3,6.66,-2.25,5.83
TXNL4B,17.03,2.99,-0.47,8.97,-2.57,-1.3,-4.0,-2.54
TXNRD1,-3.64,-7.32,68.37,74.25,22.02,34.78,16.31,30.46
UBE2A,-8.14,5.45,30.41,27.1,28.94,33.38,-3.91,-6.24
UBE2C,28.14,35.87,80.18,78.63,48.93,58.9,-0.03,-6.25
UBE2J1,1.44,3.08,18.85,31.87,16.0,17.67,-7.26,-2.68
UBE2L6,-2.33,10.29,6.28,68.05,2.25,24.87,-2.96,-0.25
UBE3B,-4.67,-19.71,9.27,25.2,-0.51,3.07,-3.28,-1.26
UBE3C,-4.58,0.26,-1.89,11.98,-4.61,1.39,-0.55,-2.02
UBQLN2,2.6,17.2,-2.58,9.55,-3.59,2.87,4.18,6.94
UBR7,-3.18,-15.97,25.62,30.41,19.61,20.14,-7.41,-13.81
UFM1,-6.14,15.77,-3.83,-0.1,-3.91,-0.09,-0.02,3.86
UGDH,-1.62,17.66,15.34,25.41,1.4,12.17,-10.47,-11.0
USP1,-44.03,-2.93,81.63,75.0,36.57,48.13,-6.73,10.86
USP14,3.77,7.94,29.93,32.6,5.69,6.21,-0.09,-0.12
USP22,28.23,43.0,37.55,43.94,0.3,11.4,14.21,15.71
USP6NL,7.82,0.8,-7.38,-4.07,-7.17,-3.59,10.97,5.62
USP7,-4.17,6.37,44.31,39.63,-10.14,-0.59,6.67,-5.42
UTP14A,4.07,15.43,55.35,56.99,-1.52,4.35,9.1,14.39
VAPB,-4.4,10.88,12.05,20.73,12.34,6.92,2.33,17.36
VAT1,15.37,19.42,0.86,19.58,13.27,15.77,-16.24,-7.19
VAV3,-1.14,5.96,11.56,6.63,5.52,8.42,5.77,10.43
VDAC1,-14.11,-6.54,-1.74,7.42,-2.87,2.3,-2.6,-0.59
VGLL4,-10.83,9.5,32.77,40.18,12.78,15.53,-1.29,6.24
VPS28,-3.52,20.5,-0.03,28.46,12.77,16.78,-0.93,-3.61
VPS72,3.51,30.95,8.13,4.45,7.55,14.79,3.22,1.47
WASF3,-4.31,-1.34,-1.59,4.82,3.8,8.02,-4.03,1.14
WASHC4,-4.3,20.21,11.31,8.8,-8.81,-3.36,-7.28,-1.5
WASHC5,-7.18,-0.41,28.76,39.13,2.46,6.71,2.84,10.5
WDR7,-1.63,1.49,-3.83,0.98,10.03,5.03,4.47,0.58
WDTC1,-6.46,5.76,20.88,29.81,1.65,4.72,-3.46,-0.02
WFS1,-4.04,5.42,48.57,52.7,1.61,3.17,-0.58,17.65
WIPF2,-2.09,5.94,8.3,22.72,3.41,2.34,5.55,10.42
XBP1,35.31,40.47,30.14,61.84,21.65,25.55,4.21,7.39
XPNPEP1,-2.73,-1.55,12.5,16.01,-2.08,10.58,-0.59,1.16
XPO7,-18.11,8.6,43.51,47.41,15.5,21.76,-0.73,-13.45
YKT6,3.64,19.79,82.85,79.99,24.75,43.27,46.99,39.92
YME1L1,-4.65,5.96,1.38,8.62,3.15,2.02,-6.97,-3.71
YTHDF1,-10.11,2.77,48.4,52.37,1.65,2.15,-1.68,-15.22
ZDHHC6,-2.12,-9.43,46.88,45.87,8.46,22.61,-1.86,3.22
ZFP36,25.91,22.51,35.76,42.29,37.64,49.57,6.53,-1.22
ZMIZ1,15.96,27.79,29.77,36.58,1.72,6.42,-2.94,-12.25
ZMYM2,11.49,8.95,7.0,12.1,2.12,10.74,-5.36,1.4
ZNF131,-27.33,0.04,8.58,24.4,1.0,4.85,-9.81,-9.32
ZNF274,10.35,-2.25,27.02,40.59,7.43,13.7,10.75,1.12
ZNF318,9.15,17.92,22.08,28.95,11.91,14.13,-2.42,-16.15
ZNF395,-5.36,0.95,14.82,15.07,10.76,10.99,12.58,16.5
ZNF451,17.54,30.83,49.75,56.55,-1.03,1.68,-0.44,-13.72
ZNF586,22.58,30.53,-12.83,-0.53,-1.76,-1.31,-4.03,1.81
ZNF589,-3.58,-3.28,-4.7,3.72,3.82,6.97,9.21,15.53
ZW10,9.11,8.84,-0.0,6.4,3.37,8.81,-0.38,13.12
ABAT,-1.34,3.03,,,,,,
ACSL1,-6.88,-5.46,,,,,,
ADCY9,2.38,5.3,,,,,,
ADGRA3,-6.53,10.5,,,,,,
AFF1,-0.42,-19.44,,,,,,
AKAP1,13.74,20.11,,,,,,
ALMS1,-12.79,-4.79,,,,,,
ANKRD49,-16.62,-17.82,,,,,,
AREL1,9.33,21.73,,,,,,
ARHGEF5,4.99,-3.63,,,,,,
ASAP2,-4.65,16.4,,,,,,
ASL,-1.9,3.83,,,,,,
ASMTL,8.38,12.78,,,,,,
BAZ1B,4.96,-7.95,,,,,,
BAZ2B,-1.22,8.44,,,,,,
BCKDHA,-3.87,-23.93,,,,,,
BTBD3,8.65,13.15,,,,,,
BTG2,-11.84,17.56,,,,,,
BTG3,8.09,11.28,,,,,,
CA12,0.21,2.46,,,,,,
CABIN1,-5.45,-3.16,,,,,,
CD14,8.2,11.66,,,,,,
CD19,-2.4,9.53,,,,,,
CEP55,21.75,37.23,,,,,,
CHCHD7,-5.41,7.27,,,,,,
CISH,7.21,7.09,,,,,,
CKB,11.98,15.52,,,,,,
CLASRP,-5.16,13.54,,,,,,
CLCN3,38.25,25.09,,,,,,
CMPK1,-2.37,17.96,,,,,,
COL4A5,-9.42,2.08,,,,,,
COQ3,7.21,15.22,,,,,,
CREB3L2,-15.93,6.93,,,,,,
CTCF,7.67,21.77,,,,,,
CTNS,6.52,-2.06,,,,,,
CTSV,3.59,45.12,,,,,,
DALRD3,16.93,28.0,,,,,,
DDX49,-1.76,10.41,,,,,,
DHPS,-4.65,4.67,,,,,,
DHX8,-8.57,3.52,,,,,,
DLGAP5,-1.09,11.22,,,,,,
DNAJB12,5.91,21.03,,,,,,
DOK4,-2.14,-2.36,,,,,,
DSE,2.33,16.13,,,,,,
DTNA,-4.02,-6.56,,,,,,
ECHDC1,-5.01,-6.64,,,,,,
EFNB3,5.21,0.1,,,,,,
EIF1B,12.66,30.79,,,,,,
ENTPD6,1.5,10.08,,,,,,
EPB41L4B,-0.87,-4.58,,,,,,
EPHA2,20.1,41.22,,,,,,
EPHB4,19.25,12.41,,,,,,
ERCC1,-7.9,-5.68,,,,,,
ERCC5,14.35,26.19,,,,,,
ERCC6L,5.33,29.01,,,,,,
ERLIN1,34.84,27.09,,,,,,
ETFA,1.66,12.77,,,,,,
F12,-7.42,-22.71,,,,,,
FADD,36.08,47.85,,,,,,
FAM162A,5.66,22.81,,,,,,
FAM3C,-5.35,-6.79,,,,,,
FANCA,8.81,26.32,,,,,,
FANCL,-7.6,-3.99,,,,,,
FBRS,-1.4,6.19,,,,,,
FDX1,14.44,15.07,,,,,,
FEZ1,-6.45,-1.5,,,,,,
FTSJ1,-25.22,-1.41,,,,,,
FUZ,-3.14,6.94,,,,,,
FZD5,-4.06,-16.33,,,,,,
GGA2,-9.25,-11.48,,,,,,
GM2A,-7.47,0.84,,,,,,
GMDS,6.47,8.45,,,,,,
GOLIM4,-1.86,-3.07,,,,,,
GPRC5C,-1.95,-8.41,,,,,,
GRHPR,34.04,32.4,,,,,,
GYS1,-7.71,-14.31,,,,,,
H2BC5,-8.04,1.95,,,,,,
HACD1,-0.74,25.46,,,,,,
HADHB,14.75,5.99,,,,,,
HBE1,-11.02,0.99,,,,,,
HDAC4,-2.21,-10.37,,,,,,
HLF,-4.51,-2.18,,,,,,
HMGCL,-1.49,5.52,,,,,,
IFIT5,0.73,-1.5,,,,,,
IL1RAP,25.45,28.8,,,,,,
IMPA2,-10.98,11.56,,,,,,
KDELR3,3.65,9.63,,,,,,
KHDC1,-4.26,1.87,,,,,,
LAMTOR3,18.05,20.48,,,,,,
LASP1,-11.17,0.2,,,,,,
LHPP,-5.68,-17.14,,,,,,
LIMK2,-18.98,-4.69,,,,,,
LRRC40,-5.67,-17.21,,,,,,
LYPD3,3.76,11.33,,,,,,
MAD2L1BP,-0.38,4.32,,,,,,
MAN2A2,-0.02,-2.15,,,,,,
MARK4,3.32,12.28,,,,,,
MEGF9,-3.09,-3.23,,,,,,
MGST2,-3.76,-6.88,,,,,,
MPDZ,6.37,17.36,,,,,,
NAA50,-9.77,-6.85,,,,,,
NIPBL,9.96,-0.51,,,,,,
NSFL1C,-5.7,6.12,,,,,,
PANK2,1.22,-6.37,,,,,,
PARL,18.44,23.73,,,,,,
PARN,-1.06,11.61,,,,,,
PDS5B,-21.5,-13.8,,,,,,
PEPD,-6.55,-21.46,,,,,,
PER2,21.88,14.46,,,,,,
PEX19,-7.8,14.33,,,,,,
PHF2,-1.08,1.55,,,,,,
PJA1,-4.19,3.48,,,,,,
PKD1,-2.96,-8.49,,,,,,
PLPP1,-2.02,1.67,,,,,,
POLR3B,3.09,18.46,,,,,,
PPIF,-3.83,6.02,,,,,,
PPP2R3A,10.82,8.8,,,,,,
PPP2R5B,11.09,-4.21,,,,,,
PPP3CA,-22.34,16.17,,,,,,
PPP4R1,11.74,34.58,,,,,,
PSMD5,-1.92,21.11,,,,,,
PTEN,4.87,15.78,,,,,,
QRSL1,9.29,12.31,,,,,,
RAB1B,-4.77,-15.32,,,,,,
RAB3GAP1,-1.12,-25.86,,,,,,
RABGGTA,-0.11,9.76,,,,,,
RAD23B,-3.99,-7.23,,,,,,
RAP1A,-1.71,-5.97,,,,,,
RARA,-2.44,-9.51,,,,,,
RHOBTB1,-5.81,-5.09,,,,,,
RPF1,-4.57,-8.67,,,,,,
RTCA,-0.73,-4.17,,,,,,
SAP18,18.63,32.19,,,,,,
SCAF8,4.57,38.15,,,,,,
SEC14L1,16.47,17.78,,,,,,
SEC24B,5.46,9.99,,,,,,
SEC24C,6.16,3.51,,,,,,
SEC61A2,25.56,36.55,,,,,,
SENP5,-1.56,3.2,,,,,,
SERTAD3,18.06,17.75,,,,,,
SETD1B,-1.31,2.01,,,,,,
SETDB1,-7.7,9.68,,,,,,
SFMBT1,-4.21,-3.87,,,,,,
SGK1,17.67,17.47,,,,,,
SIK1,26.45,34.62,,,,,,
SLC16A6,5.94,11.15,,,,,,
SLC2A1,-3.83,-2.75,,,,,,
SLC36A1,-11.61,-2.12,,,,,,
SMG7,6.37,0.13,,,,,,
SMYD3,-8.86,-0.1,,,,,,
SNRPD1,-3.59,11.64,,,,,,
SNRPF,-6.9,10.34,,,,,,
SNX2,20.25,22.06,,,,,,
SRF,9.51,38.75,,,,,,
SRPRB,-2.87,12.93,,,,,,
SRRM1,-8.61,5.7,,,,,,
SRSF8,4.63,-4.0,,,,,,
STAT6,8.47,21.4,,,,,,
SWAP70,-10.78,-11.64,,,,,,
TARS1,7.66,27.29,,,,,,
TBCB,7.76,6.93,,,,,,
TCIRG1,-1.82,7.85,,,,,,
TGDS,-1.48,7.12,,,,,,
TLE3,7.71,2.76,,,,,,
TMEM127,-6.16,12.97,,,,,,
TMEM131L,-7.38,-4.5,,,,,,
TNFAIP1,-13.11,5.36,,,,,,
TOMM22,2.01,23.27,,,,,,
TP53TG1,-5.51,15.93,,,,,,
TRIP10,20.84,28.95,,,,,,
TSN,-1.85,-3.16,,,,,,
TTF1,-5.89,-5.04,,,,,,
UBE4A,-0.88,2.96,,,,,,
UGP2,-10.5,2.98,,,,,,
USP20,-0.9,2.34,,,,,,
UVRAG,-7.3,11.44,,,,,,
VAMP7,-1.19,12.74,,,,,,
VPS26A,-0.52,13.02,,,,,,
WHRN,3.71,4.5,,,,,,
WRN,19.98,27.8,,,,,,
WWOX,-14.35,-11.41,,,,,,
YBX3,-4.45,4.21,,,,,,
ZBTB14,-2.26,11.63,,,,,,
ZBTB24,-11.14,1.91,,,,,,
ZBTB5,-2.75,-9.5,,,,,,
ZC3H4,15.82,8.67,,,,,,
ZER1,-0.26,8.43,,,,,,
ZGPAT,-8.37,-19.96,,,,,,
ZNF629,-5.13,5.7,,,,,,
ZNF672,8.28,3.37,,,,,,
ZNF692,-5.54,0.16,,,,,,
ZNF768,-2.88,2.25,,,,,,
